item_key,item_id,item_code,item_name,product_subcategory_id,product_subcategory_name,product_category_id,product_category_name,standard_cost,list_price,size,weight,days_to_manufacture,product_line,class,style,sell_start_date,sell_end_date,discontinued_date
1,1,AR-5381,Adjustable Race,,,,,0.0,0.0,,,0,,,,2008-04-30,,
2,2,BA-8327,Bearing Ball,,,,,0.0,0.0,,,0,,,,2008-04-30,,
3,3,BE-2349,BB Ball Bearing,,,,,0.0,0.0,,,1,,,,2008-04-30,,
4,4,BE-2908,Headset Ball Bearings,,,,,0.0,0.0,,,0,,,,2008-04-30,,
5,316,BL-2036,Blade,,,,,0.0,0.0,,,1,,,,2008-04-30,,
6,317,CA-5965,LL Crankarm,,,,,0.0,0.0,,,0,,L ,,2008-04-30,,
7,318,CA-6738,ML Crankarm,,,,,0.0,0.0,,,0,,M ,,2008-04-30,,
8,319,CA-7457,HL Crankarm,,,,,0.0,0.0,,,0,,,,2008-04-30,,
9,320,CB-2903,Chainring Bolts,,,,,0.0,0.0,,,0,,,,2008-04-30,,
10,321,CN-6137,Chainring Nut,,,,,0.0,0.0,,,0,,,,2008-04-30,,
11,322,CR-7833,Chainring,,,,,0.0,0.0,,,0,,,,2008-04-30,,
12,323,CR-9981,Crown Race,,,,,0.0,0.0,,,0,,,,2008-04-30,,
13,324,CS-2812,Chain Stays,,,,,0.0,0.0,,,1,,,,2008-04-30,,
14,325,DC-8732,Decal 1,,,,,0.0,0.0,,,0,,,,2008-04-30,,
15,326,DC-9824,Decal 2,,,,,0.0,0.0,,,0,,,,2008-04-30,,
16,327,DT-2377,Down Tube,,,,,0.0,0.0,,,1,,,,2008-04-30,,
17,328,EC-M092,Mountain End Caps,,,,,0.0,0.0,,,1,,,,2008-04-30,,
18,329,EC-R098,Road End Caps,,,,,0.0,0.0,,,1,,,,2008-04-30,,
19,330,EC-T209,Touring End Caps,,,,,0.0,0.0,,,1,,,,2008-04-30,,
20,331,FE-3760,Fork End,,,,,0.0,0.0,,,1,,,,2008-04-30,,
21,332,FH-2981,Freewheel,,,,,0.0,0.0,,,0,,,,2008-04-30,,
22,341,FW-1000,Flat Washer 1,,,,,0.0,0.0,,,0,,,,2008-04-30,,
23,342,FW-1200,Flat Washer 6,,,,,0.0,0.0,,,0,,,,2008-04-30,,
24,343,FW-1400,Flat Washer 2,,,,,0.0,0.0,,,0,,,,2008-04-30,,
25,344,FW-3400,Flat Washer 9,,,,,0.0,0.0,,,0,,,,2008-04-30,,
26,345,FW-3800,Flat Washer 4,,,,,0.0,0.0,,,0,,,,2008-04-30,,
27,346,FW-5160,Flat Washer 3,,,,,0.0,0.0,,,0,,,,2008-04-30,,
28,347,FW-5800,Flat Washer 8,,,,,0.0,0.0,,,0,,,,2008-04-30,,
29,348,FW-7160,Flat Washer 5,,,,,0.0,0.0,,,0,,,,2008-04-30,,
30,349,FW-9160,Flat Washer 7,,,,,0.0,0.0,,,0,,,,2008-04-30,,
31,350,FC-3654,Fork Crown,,,,,0.0,0.0,,,1,,,,2008-04-30,,
32,351,FC-3982,Front Derailleur Cage,,,,,0.0,0.0,,,0,,,,2008-04-30,,
33,352,FL-2301,Front Derailleur Linkage,,,,,0.0,0.0,,,0,,,,2008-04-30,,
34,355,GP-0982,Guide Pulley,,,,,0.0,0.0,,,0,,,,2008-04-30,,
35,356,GT-0820,LL Grip Tape,,,,,0.0,0.0,,,0,,L ,,2008-04-30,,
36,357,GT-1209,ML Grip Tape,,,,,0.0,0.0,,,0,,M ,,2008-04-30,,
37,358,GT-2908,HL Grip Tape,,,,,0.0,0.0,,,0,,,,2008-04-30,,
38,359,HJ-1213,Thin-Jam Hex Nut 9,,,,,0.0,0.0,,,0,,,,2008-04-30,,
39,360,HJ-1220,Thin-Jam Hex Nut 10,,,,,0.0,0.0,,,0,,,,2008-04-30,,
40,361,HJ-1420,Thin-Jam Hex Nut 1,,,,,0.0,0.0,,,0,,,,2008-04-30,,
41,362,HJ-1428,Thin-Jam Hex Nut 2,,,,,0.0,0.0,,,0,,,,2008-04-30,,
42,363,HJ-3410,Thin-Jam Hex Nut 15,,,,,0.0,0.0,,,0,,,,2008-04-30,,
43,364,HJ-3416,Thin-Jam Hex Nut 16,,,,,0.0,0.0,,,0,,,,2008-04-30,,
44,365,HJ-3816,Thin-Jam Hex Nut 5,,,,,0.0,0.0,,,0,,,,2008-04-30,,
45,366,HJ-3824,Thin-Jam Hex Nut 6,,,,,0.0,0.0,,,0,,,,2008-04-30,,
46,367,HJ-5161,Thin-Jam Hex Nut 3,,,,,0.0,0.0,,,0,,,,2008-04-30,,
47,368,HJ-5162,Thin-Jam Hex Nut 4,,,,,0.0,0.0,,,0,,,,2008-04-30,,
48,369,HJ-5811,Thin-Jam Hex Nut 13,,,,,0.0,0.0,,,0,,,,2008-04-30,,
49,370,HJ-5818,Thin-Jam Hex Nut 14,,,,,0.0,0.0,,,0,,,,2008-04-30,,
50,371,HJ-7161,Thin-Jam Hex Nut 7,,,,,0.0,0.0,,,0,,,,2008-04-30,,
51,372,HJ-7162,Thin-Jam Hex Nut 8,,,,,0.0,0.0,,,0,,,,2008-04-30,,
52,373,HJ-9080,Thin-Jam Hex Nut 12,,,,,0.0,0.0,,,0,,,,2008-04-30,,
53,374,HJ-9161,Thin-Jam Hex Nut 11,,,,,0.0,0.0,,,0,,,,2008-04-30,,
54,375,HN-1024,Hex Nut 5,,,,,0.0,0.0,,,0,,,,2008-04-30,,
55,376,HN-1032,Hex Nut 6,,,,,0.0,0.0,,,0,,,,2008-04-30,,
56,377,HN-1213,Hex Nut 16,,,,,0.0,0.0,,,0,,,,2008-04-30,,
57,378,HN-1220,Hex Nut 17,,,,,0.0,0.0,,,0,,,,2008-04-30,,
58,379,HN-1224,Hex Nut 7,,,,,0.0,0.0,,,0,,,,2008-04-30,,
59,380,HN-1420,Hex Nut 8,,,,,0.0,0.0,,,0,,,,2008-04-30,,
60,381,HN-1428,Hex Nut 9,,,,,0.0,0.0,,,0,,,,2008-04-30,,
61,382,HN-3410,Hex Nut 22,,,,,0.0,0.0,,,0,,,,2008-04-30,,
62,383,HN-3416,Hex Nut 23,,,,,0.0,0.0,,,0,,,,2008-04-30,,
63,384,HN-3816,Hex Nut 12,,,,,0.0,0.0,,,0,,,,2008-04-30,,
64,385,HN-3824,Hex Nut 13,,,,,0.0,0.0,,,0,,,,2008-04-30,,
65,386,HN-4402,Hex Nut 1,,,,,0.0,0.0,,,0,,,,2008-04-30,,
66,387,HN-5161,Hex Nut 10,,,,,0.0,0.0,,,0,,,,2008-04-30,,
67,388,HN-5162,Hex Nut 11,,,,,0.0,0.0,,,0,,,,2008-04-30,,
68,389,HN-5400,Hex Nut 2,,,,,0.0,0.0,,,0,,,,2008-04-30,,
69,390,HN-5811,Hex Nut 20,,,,,0.0,0.0,,,0,,,,2008-04-30,,
70,391,HN-5818,Hex Nut 21,,,,,0.0,0.0,,,0,,,,2008-04-30,,
71,392,HN-6320,Hex Nut 3,,,,,0.0,0.0,,,0,,,,2008-04-30,,
72,393,HN-7161,Hex Nut 14,,,,,0.0,0.0,,,0,,,,2008-04-30,,
73,394,HN-7162,Hex Nut 15,,,,,0.0,0.0,,,0,,,,2008-04-30,,
74,395,HN-8320,Hex Nut 4,,,,,0.0,0.0,,,0,,,,2008-04-30,,
75,396,HN-9161,Hex Nut 18,,,,,0.0,0.0,,,0,,,,2008-04-30,,
76,397,HN-9168,Hex Nut 19,,,,,0.0,0.0,,,0,,,,2008-04-30,,
77,398,HT-2981,Handlebar Tube,,,,,0.0,0.0,,,1,,,,2008-04-30,,
78,399,HT-8019,Head Tube,,,,,0.0,0.0,,,1,,,,2008-04-30,,
79,400,HU-6280,LL Hub,,,,,0.0,0.0,,,1,,L ,,2008-04-30,,
80,401,HU-8998,HL Hub,,,,,0.0,0.0,,,1,,,,2008-04-30,,
81,402,KW-4091,Keyed Washer,,,,,0.0,0.0,,,0,,,,2008-04-30,,
82,403,LE-1000,External Lock Washer 3,,,,,0.0,0.0,,,0,,,,2008-04-30,,
83,404,LE-1200,External Lock Washer 4,,,,,0.0,0.0,,,0,,,,2008-04-30,,
84,405,LE-1201,External Lock Washer 9,,,,,0.0,0.0,,,0,,,,2008-04-30,,
85,406,LE-1400,External Lock Washer 5,,,,,0.0,0.0,,,0,,,,2008-04-30,,
86,407,LE-3800,External Lock Washer 7,,,,,0.0,0.0,,,0,,,,2008-04-30,,
87,408,LE-5160,External Lock Washer 6,,,,,0.0,0.0,,,0,,,,2008-04-30,,
88,409,LE-6000,External Lock Washer 1,,,,,0.0,0.0,,,0,,,,2008-04-30,,
89,410,LE-7160,External Lock Washer 8,,,,,0.0,0.0,,,0,,,,2008-04-30,,
90,411,LE-8000,External Lock Washer 2,,,,,0.0,0.0,,,0,,,,2008-04-30,,
91,412,LI-1000,Internal Lock Washer 3,,,,,0.0,0.0,,,0,,,,2008-04-30,,
92,413,LI-1200,Internal Lock Washer 4,,,,,0.0,0.0,,,0,,,,2008-04-30,,
93,414,LI-1201,Internal Lock Washer 9,,,,,0.0,0.0,,,0,,,,2008-04-30,,
94,415,LI-1400,Internal Lock Washer 5,,,,,0.0,0.0,,,0,,,,2008-04-30,,
95,416,LI-3800,Internal Lock Washer 7,,,,,0.0,0.0,,,0,,,,2008-04-30,,
96,417,LI-5160,Internal Lock Washer 6,,,,,0.0,0.0,,,0,,,,2008-04-30,,
97,418,LI-5800,Internal Lock Washer 10,,,,,0.0,0.0,,,0,,,,2008-04-30,,
98,419,LI-6000,Internal Lock Washer 1,,,,,0.0,0.0,,,0,,,,2008-04-30,,
99,420,LI-7160,Internal Lock Washer 8,,,,,0.0,0.0,,,0,,,,2008-04-30,,
100,421,LI-8000,Internal Lock Washer 2,,,,,0.0,0.0,,,0,,,,2008-04-30,,
101,422,LJ-1213,Thin-Jam Lock Nut 9,,,,,0.0,0.0,,,0,,,,2008-04-30,,
102,423,LJ-1220,Thin-Jam Lock Nut 10,,,,,0.0,0.0,,,0,,,,2008-04-30,,
103,424,LJ-1420,Thin-Jam Lock Nut 1,,,,,0.0,0.0,,,0,,,,2008-04-30,,
104,425,LJ-1428,Thin-Jam Lock Nut 2,,,,,0.0,0.0,,,0,,,,2008-04-30,,
105,426,LJ-3410,Thin-Jam Lock Nut 15,,,,,0.0,0.0,,,0,,,,2008-04-30,,
106,427,LJ-3416,Thin-Jam Lock Nut 16,,,,,0.0,0.0,,,0,,,,2008-04-30,,
107,428,LJ-3816,Thin-Jam Lock Nut 5,,,,,0.0,0.0,,,0,,,,2008-04-30,,
108,429,LJ-3824,Thin-Jam Lock Nut 6,,,,,0.0,0.0,,,0,,,,2008-04-30,,
109,430,LJ-5161,Thin-Jam Lock Nut 3,,,,,0.0,0.0,,,0,,,,2008-04-30,,
110,431,LJ-5162,Thin-Jam Lock Nut 4,,,,,0.0,0.0,,,0,,,,2008-04-30,,
111,432,LJ-5811,Thin-Jam Lock Nut 13,,,,,0.0,0.0,,,0,,,,2008-04-30,,
112,433,LJ-5818,Thin-Jam Lock Nut 14,,,,,0.0,0.0,,,0,,,,2008-04-30,,
113,434,LJ-7161,Thin-Jam Lock Nut 7,,,,,0.0,0.0,,,0,,,,2008-04-30,,
114,435,LJ-7162,Thin-Jam Lock Nut 8,,,,,0.0,0.0,,,0,,,,2008-04-30,,
115,436,LJ-9080,Thin-Jam Lock Nut 12,,,,,0.0,0.0,,,0,,,,2008-04-30,,
116,437,LJ-9161,Thin-Jam Lock Nut 11,,,,,0.0,0.0,,,0,,,,2008-04-30,,
117,438,LN-1024,Lock Nut 5,,,,,0.0,0.0,,,0,,,,2008-04-30,,
118,439,LN-1032,Lock Nut 6,,,,,0.0,0.0,,,0,,,,2008-04-30,,
119,440,LN-1213,Lock Nut 16,,,,,0.0,0.0,,,0,,,,2008-04-30,,
120,441,LN-1220,Lock Nut 17,,,,,0.0,0.0,,,0,,,,2008-04-30,,
121,442,LN-1224,Lock Nut 7,,,,,0.0,0.0,,,0,,,,2008-04-30,,
122,443,LN-1420,Lock Nut 8,,,,,0.0,0.0,,,0,,,,2008-04-30,,
123,444,LN-1428,Lock Nut 9,,,,,0.0,0.0,,,0,,,,2008-04-30,,
124,445,LN-3410,Lock Nut 22,,,,,0.0,0.0,,,0,,,,2008-04-30,,
125,446,LN-3416,Lock Nut 23,,,,,0.0,0.0,,,0,,,,2008-04-30,,
126,447,LN-3816,Lock Nut 12,,,,,0.0,0.0,,,0,,,,2008-04-30,,
127,448,LN-3824,Lock Nut 13,,,,,0.0,0.0,,,0,,,,2008-04-30,,
128,449,LN-4400,Lock Nut 1,,,,,0.0,0.0,,,0,,,,2008-04-30,,
129,450,LN-5161,Lock Nut 10,,,,,0.0,0.0,,,0,,,,2008-04-30,,
130,451,LN-5162,Lock Nut 11,,,,,0.0,0.0,,,0,,,,2008-04-30,,
131,452,LN-5400,Lock Nut 2,,,,,0.0,0.0,,,0,,,,2008-04-30,,
132,453,LN-5811,Lock Nut 20,,,,,0.0,0.0,,,0,,,,2008-04-30,,
133,454,LN-5818,Lock Nut 21,,,,,0.0,0.0,,,0,,,,2008-04-30,,
134,455,LN-6320,Lock Nut 3,,,,,0.0,0.0,,,0,,,,2008-04-30,,
135,456,LN-7161,Lock Nut 14,,,,,0.0,0.0,,,0,,,,2008-04-30,,
136,457,LN-7162,Lock Nut 15,,,,,0.0,0.0,,,0,,,,2008-04-30,,
137,458,LN-8320,Lock Nut 4,,,,,0.0,0.0,,,0,,,,2008-04-30,,
138,459,LN-9080,Lock Nut 19,,,,,0.0,0.0,,,0,,,,2008-04-30,,
139,460,LN-9161,Lock Nut 18,,,,,0.0,0.0,,,0,,,,2008-04-30,,
140,461,LR-2398,Lock Ring,,,,,0.0,0.0,,,0,,,,2008-04-30,,
141,462,LR-8520,Lower Head Race,,,,,0.0,0.0,,,0,,,,2008-04-30,,
142,463,LW-1000,Lock Washer 4,,,,,0.0,0.0,,,0,,,,2008-04-30,,
143,464,LW-1200,Lock Washer 5,,,,,0.0,0.0,,,0,,,,2008-04-30,,
144,465,LW-1201,Lock Washer 10,,,,,0.0,0.0,,,0,,,,2008-04-30,,
145,466,LW-1400,Lock Washer 6,,,,,0.0,0.0,,,0,,,,2008-04-30,,
146,467,LW-3400,Lock Washer 13,,,,,0.0,0.0,,,0,,,,2008-04-30,,
147,468,LW-3800,Lock Washer 8,,,,,0.0,0.0,,,0,,,,2008-04-30,,
148,469,LW-4000,Lock Washer 1,,,,,0.0,0.0,,,0,,,,2008-04-30,,
149,470,LW-5160,Lock Washer 7,,,,,0.0,0.0,,,0,,,,2008-04-30,,
150,471,LW-5800,Lock Washer 12,,,,,0.0,0.0,,,0,,,,2008-04-30,,
151,472,LW-6000,Lock Washer 2,,,,,0.0,0.0,,,0,,,,2008-04-30,,
152,473,LW-7160,Lock Washer 9,,,,,0.0,0.0,,,0,,,,2008-04-30,,
153,474,LW-8000,Lock Washer 3,,,,,0.0,0.0,,,0,,,,2008-04-30,,
154,475,LW-9160,Lock Washer 11,,,,,0.0,0.0,,,0,,,,2008-04-30,,
155,476,MA-7075,Metal Angle,,,,,0.0,0.0,,,0,,,,2008-04-30,,
156,477,MB-2024,Metal Bar 1,,,,,0.0,0.0,,,0,,,,2008-04-30,,
157,478,MB-6061,Metal Bar 2,,,,,0.0,0.0,,,0,,,,2008-04-30,,
158,479,MP-2066,Metal Plate 2,,,,,0.0,0.0,,,0,,,,2008-04-30,,
159,480,MP-2503,Metal Plate 1,,,,,0.0,0.0,,,0,,,,2008-04-30,,
160,481,MP-4960,Metal Plate 3,,,,,0.0,0.0,,,0,,,,2008-04-30,,
161,482,MS-0253,Metal Sheet 2,,,,,0.0,0.0,,,0,,,,2008-04-30,,
162,483,MS-1256,Metal Sheet 3,,,,,0.0,0.0,,,0,,,,2008-04-30,,
163,484,MS-1981,Metal Sheet 7,,,,,0.0,0.0,,,0,,,,2008-04-30,,
164,485,MS-2259,Metal Sheet 4,,,,,0.0,0.0,,,0,,,,2008-04-30,,
165,486,MS-2341,Metal Sheet 5,,,,,0.0,0.0,,,0,,,,2008-04-30,,
166,487,MS-2348,Metal Sheet 6,,,,,0.0,0.0,,,0,,,,2008-04-30,,
167,488,MS-6061,Metal Sheet 1,,,,,0.0,0.0,,,0,,,,2008-04-30,,
168,489,MT-1000,Metal Tread Plate,,,,,0.0,0.0,,,0,,,,2008-04-30,,
169,490,NI-4127,LL Nipple,,,,,0.0,0.0,,,0,,L ,,2008-04-30,,
170,491,NI-9522,HL Nipple,,,,,0.0,0.0,,,0,,,,2008-04-30,,
171,492,PA-187B,Paint - Black,,,,,0.0,0.0,,,0,,,,2008-04-30,,
172,493,PA-361R,Paint - Red,,,,,0.0,0.0,,,0,,,,2008-04-30,,
173,494,PA-529S,Paint - Silver,,,,,0.0,0.0,,,0,,,,2008-04-30,,
174,495,PA-632U,Paint - Blue,,,,,0.0,0.0,,,0,,,,2008-04-30,,
175,496,PA-823Y,Paint - Yellow,,,,,0.0,0.0,,,0,,,,2008-04-30,,
176,497,PB-6109,Pinch Bolt,,,,,0.0,0.0,,,0,,,,2008-04-30,,
177,504,RA-2345,Cup-Shaped Race,,,,,0.0,0.0,,,0,,,,2008-04-30,,
178,505,RA-7490,Cone-Shaped Race,,,,,0.0,0.0,,,0,,,,2008-04-30,,
179,506,RF-9198,Reflector,,,,,0.0,0.0,,,0,,,,2008-04-30,,
180,507,RM-M464,LL Mountain Rim,,,,,0.0,0.0,,435.0,0,,L ,,2008-04-30,,
181,508,RM-M692,ML Mountain Rim,,,,,0.0,0.0,,450.0,0,,M ,,2008-04-30,,
182,509,RM-M823,HL Mountain Rim,,,,,0.0,0.0,,400.0,0,,,,2008-04-30,,
183,510,RM-R436,LL Road Rim,,,,,0.0,0.0,,445.0,0,,L ,,2008-04-30,,
184,511,RM-R600,ML Road Rim,,,,,0.0,0.0,,450.0,0,,M ,,2008-04-30,,
185,512,RM-R800,HL Road Rim,,,,,0.0,0.0,,400.0,0,,,,2008-04-30,,
186,513,RM-T801,Touring Rim,,,,,0.0,0.0,,460.0,0,,,,2008-04-30,,
187,514,SA-M198,LL Mountain Seat Assembly,,,,,98.77,133.34,,,1,,L ,,2008-04-30,,
188,515,SA-M237,ML Mountain Seat Assembly,,,,,108.99,147.14,,,1,,M ,,2008-04-30,,
189,516,SA-M687,HL Mountain Seat Assembly,,,,,145.87,196.92,,,1,,,,2008-04-30,,
190,517,SA-R127,LL Road Seat Assembly,,,,,98.77,133.34,,,1,,L ,,2008-04-30,,
191,518,SA-R430,ML Road Seat Assembly,,,,,108.99,147.14,,,1,,M ,,2008-04-30,,
192,519,SA-R522,HL Road Seat Assembly,,,,,145.87,196.92,,,1,,,,2008-04-30,,
193,520,SA-T467,LL Touring Seat Assembly,,,,,98.77,133.34,,,1,,L ,,2008-04-30,,
194,521,SA-T612,ML Touring Seat Assembly,,,,,108.99,147.14,,,1,,M ,,2008-04-30,,
195,522,SA-T872,HL Touring Seat Assembly,,,,,145.87,196.92,,,1,,,,2008-04-30,,
196,523,SD-2342,LL Spindle/Axle,,,,,0.0,0.0,,,0,,L ,,2008-04-30,,
197,524,SD-9872,HL Spindle/Axle,,,,,0.0,0.0,,,0,,,,2008-04-30,,
198,525,SH-4562,LL Shell,,,,,0.0,0.0,,,0,,L ,,2008-04-30,,
199,526,SH-9312,HL Shell,,,,,0.0,0.0,,,0,,,,2008-04-30,,
200,527,SK-9283,Spokes,,,,,0.0,0.0,,,0,,,,2008-04-30,,
201,528,SL-0931,Seat Lug,,,,,0.0,0.0,,,0,,,,2008-04-30,,
202,529,SM-9087,Stem,,,,,0.0,0.0,,,1,,,,2008-04-30,,
203,530,SP-2981,Seat Post,,,,,0.0,0.0,,,0,,,,2008-04-30,,
204,531,SR-2098,Steerer,,,,,0.0,0.0,,,1,,,,2008-04-30,,
205,532,SS-2985,Seat Stays,,,,,0.0,0.0,,,1,,,,2008-04-30,,
206,533,ST-9828,Seat Tube,,,,,0.0,0.0,,,1,,,,2008-04-30,,
207,534,TO-2301,Top Tube,,,,,0.0,0.0,,,1,,,,2008-04-30,,
208,535,TP-0923,Tension Pulley,,,,,0.0,0.0,,,0,,,,2008-04-30,,
209,679,RC-0291,Rear Derailleur Cage,,,,,0.0,0.0,,,0,,,,2008-04-30,,
210,680,FR-R92B-58,"HL Road Frame - Black, 58",14.0,Road Frames,2.0,Components,1059.31,1431.5,58,2.24,1,R ,H ,U ,2008-04-30,,
211,706,FR-R92R-58,"HL Road Frame - Red, 58",14.0,Road Frames,2.0,Components,1059.31,1431.5,58,2.24,1,R ,H ,U ,2008-04-30,,
212,707,HL-U509-R,"Sport-100 Helmet, Red",31.0,Helmets,4.0,Accessories,13.0863,34.99,,,0,S ,,,2011-05-31,,
213,708,HL-U509,"Sport-100 Helmet, Black",31.0,Helmets,4.0,Accessories,13.0863,34.99,,,0,S ,,,2011-05-31,,
214,709,SO-B909-M,"Mountain Bike Socks, M",23.0,Socks,3.0,Clothing,3.3963,9.5,M,,0,M ,,U ,2011-05-31,2012-05-29,
215,710,SO-B909-L,"Mountain Bike Socks, L",23.0,Socks,3.0,Clothing,3.3963,9.5,L,,0,M ,,U ,2011-05-31,2012-05-29,
216,711,HL-U509-B,"Sport-100 Helmet, Blue",31.0,Helmets,4.0,Accessories,13.0863,34.99,,,0,S ,,,2011-05-31,,
217,712,CA-1098,AWC Logo Cap,19.0,Caps,3.0,Clothing,6.9223,8.99,,,0,S ,,U ,2011-05-31,,
218,713,LJ-0192-S,"Long-Sleeve Logo Jersey, S",21.0,Jerseys,3.0,Clothing,38.4923,49.99,S,,0,S ,,U ,2011-05-31,,
219,714,LJ-0192-M,"Long-Sleeve Logo Jersey, M",21.0,Jerseys,3.0,Clothing,38.4923,49.99,M,,0,S ,,U ,2011-05-31,,
220,715,LJ-0192-L,"Long-Sleeve Logo Jersey, L",21.0,Jerseys,3.0,Clothing,38.4923,49.99,L,,0,S ,,U ,2011-05-31,,
221,716,LJ-0192-X,"Long-Sleeve Logo Jersey, XL",21.0,Jerseys,3.0,Clothing,38.4923,49.99,XL,,0,S ,,U ,2011-05-31,,
222,717,FR-R92R-62,"HL Road Frame - Red, 62",14.0,Road Frames,2.0,Components,868.6342,1431.5,62,2.3,1,R ,H ,U ,2011-05-31,,
223,718,FR-R92R-44,"HL Road Frame - Red, 44",14.0,Road Frames,2.0,Components,868.6342,1431.5,44,2.12,1,R ,H ,U ,2011-05-31,,
224,719,FR-R92R-48,"HL Road Frame - Red, 48",14.0,Road Frames,2.0,Components,868.6342,1431.5,48,2.16,1,R ,H ,U ,2011-05-31,,
225,720,FR-R92R-52,"HL Road Frame - Red, 52",14.0,Road Frames,2.0,Components,868.6342,1431.5,52,2.2,1,R ,H ,U ,2011-05-31,,
226,721,FR-R92R-56,"HL Road Frame - Red, 56",14.0,Road Frames,2.0,Components,868.6342,1431.5,56,2.24,1,R ,H ,U ,2011-05-31,,
227,722,FR-R38B-58,"LL Road Frame - Black, 58",14.0,Road Frames,2.0,Components,204.6251,337.22,58,2.46,1,R ,L ,U ,2011-05-31,,
228,723,FR-R38B-60,"LL Road Frame - Black, 60",14.0,Road Frames,2.0,Components,204.6251,337.22,60,2.48,1,R ,L ,U ,2011-05-31,,
229,724,FR-R38B-62,"LL Road Frame - Black, 62",14.0,Road Frames,2.0,Components,204.6251,337.22,62,2.5,1,R ,L ,U ,2011-05-31,,
230,725,FR-R38R-44,"LL Road Frame - Red, 44",14.0,Road Frames,2.0,Components,187.1571,337.22,44,2.32,1,R ,L ,U ,2011-05-31,2013-05-29,
231,726,FR-R38R-48,"LL Road Frame - Red, 48",14.0,Road Frames,2.0,Components,187.1571,337.22,48,2.36,1,R ,L ,U ,2011-05-31,2013-05-29,
232,727,FR-R38R-52,"LL Road Frame - Red, 52",14.0,Road Frames,2.0,Components,187.1571,337.22,52,2.4,1,R ,L ,U ,2011-05-31,2013-05-29,
233,728,FR-R38R-58,"LL Road Frame - Red, 58",14.0,Road Frames,2.0,Components,187.1571,337.22,58,2.46,1,R ,L ,U ,2011-05-31,2013-05-29,
234,729,FR-R38R-60,"LL Road Frame - Red, 60",14.0,Road Frames,2.0,Components,187.1571,337.22,60,2.48,1,R ,L ,U ,2011-05-31,2013-05-29,
235,730,FR-R38R-62,"LL Road Frame - Red, 62",14.0,Road Frames,2.0,Components,187.1571,337.22,62,2.5,1,R ,L ,U ,2011-05-31,2013-05-29,
236,731,FR-R72R-44,"ML Road Frame - Red, 44",14.0,Road Frames,2.0,Components,352.1394,594.83,44,2.22,1,R ,M ,U ,2011-05-31,2012-05-29,
237,732,FR-R72R-48,"ML Road Frame - Red, 48",14.0,Road Frames,2.0,Components,352.1394,594.83,48,2.26,1,R ,M ,U ,2011-05-31,2012-05-29,
238,733,FR-R72R-52,"ML Road Frame - Red, 52",14.0,Road Frames,2.0,Components,352.1394,594.83,52,2.3,1,R ,M ,U ,2011-05-31,2012-05-29,
239,734,FR-R72R-58,"ML Road Frame - Red, 58",14.0,Road Frames,2.0,Components,352.1394,594.83,58,2.36,1,R ,M ,U ,2011-05-31,2012-05-29,
240,735,FR-R72R-60,"ML Road Frame - Red, 60",14.0,Road Frames,2.0,Components,352.1394,594.83,60,2.38,1,R ,M ,U ,2011-05-31,2012-05-29,
241,736,FR-R38B-44,"LL Road Frame - Black, 44",14.0,Road Frames,2.0,Components,204.6251,337.22,44,2.32,1,R ,L ,U ,2011-05-31,,
242,737,FR-R38B-48,"LL Road Frame - Black, 48",14.0,Road Frames,2.0,Components,204.6251,337.22,48,2.36,1,R ,L ,U ,2011-05-31,,
243,738,FR-R38B-52,"LL Road Frame - Black, 52",14.0,Road Frames,2.0,Components,204.6251,337.22,52,2.4,1,R ,L ,U ,2011-05-31,,
244,739,FR-M94S-42,"HL Mountain Frame - Silver, 42",12.0,Mountain Frames,2.0,Components,747.2002,1364.5,42,2.72,1,M ,H ,U ,2011-05-31,,
245,740,FR-M94S-44,"HL Mountain Frame - Silver, 44",12.0,Mountain Frames,2.0,Components,706.811,1364.5,44,2.76,1,M ,H ,U ,2011-05-31,2012-05-29,
246,741,FR-M94S-52,"HL Mountain Frame - Silver, 48",12.0,Mountain Frames,2.0,Components,706.811,1364.5,48,2.8,1,M ,H ,U ,2011-05-31,2012-05-29,
247,742,FR-M94S-46,"HL Mountain Frame - Silver, 46",12.0,Mountain Frames,2.0,Components,747.2002,1364.5,46,2.84,1,M ,H ,U ,2011-05-31,,
248,743,FR-M94B-42,"HL Mountain Frame - Black, 42",12.0,Mountain Frames,2.0,Components,739.041,1349.6,42,2.72,1,M ,H ,U ,2011-05-31,,
249,744,FR-M94B-44,"HL Mountain Frame - Black, 44",12.0,Mountain Frames,2.0,Components,699.0928,1349.6,44,2.76,1,M ,H ,U ,2011-05-31,2012-05-29,
250,745,FR-M94B-48,"HL Mountain Frame - Black, 48",12.0,Mountain Frames,2.0,Components,699.0928,1349.6,48,2.8,1,M ,H ,U ,2011-05-31,2012-05-29,
251,746,FR-M94B-46,"HL Mountain Frame - Black, 46",12.0,Mountain Frames,2.0,Components,739.041,1349.6,46,2.84,1,M ,H ,U ,2011-05-31,,
252,747,FR-M94B-38,"HL Mountain Frame - Black, 38",12.0,Mountain Frames,2.0,Components,739.041,1349.6,38,2.68,2,M ,H ,U ,2011-05-31,,
253,748,FR-M94S-38,"HL Mountain Frame - Silver, 38",12.0,Mountain Frames,2.0,Components,747.2002,1364.5,38,2.68,2,M ,H ,U ,2011-05-31,,
254,749,BK-R93R-62,"Road-150 Red, 62",2.0,Road Bikes,1.0,Bikes,2171.2942,3578.27,62,15.0,4,R ,H ,U ,2011-05-31,2012-05-29,
255,750,BK-R93R-44,"Road-150 Red, 44",2.0,Road Bikes,1.0,Bikes,2171.2942,3578.27,44,13.77,4,R ,H ,U ,2011-05-31,2012-05-29,
256,751,BK-R93R-48,"Road-150 Red, 48",2.0,Road Bikes,1.0,Bikes,2171.2942,3578.27,48,14.13,4,R ,H ,U ,2011-05-31,2012-05-29,
257,752,BK-R93R-52,"Road-150 Red, 52",2.0,Road Bikes,1.0,Bikes,2171.2942,3578.27,52,14.42,4,R ,H ,U ,2011-05-31,2012-05-29,
258,753,BK-R93R-56,"Road-150 Red, 56",2.0,Road Bikes,1.0,Bikes,2171.2942,3578.27,56,14.68,4,R ,H ,U ,2011-05-31,2012-05-29,
259,754,BK-R68R-58,"Road-450 Red, 58",2.0,Road Bikes,1.0,Bikes,884.7083,1457.99,58,17.79,4,R ,M ,U ,2011-05-31,2012-05-29,
260,755,BK-R68R-60,"Road-450 Red, 60",2.0,Road Bikes,1.0,Bikes,884.7083,1457.99,60,17.9,4,R ,M ,U ,2011-05-31,2012-05-29,
261,756,BK-R68R-44,"Road-450 Red, 44",2.0,Road Bikes,1.0,Bikes,884.7083,1457.99,44,16.77,4,R ,M ,U ,2011-05-31,2012-05-29,
262,757,BK-R68R-48,"Road-450 Red, 48",2.0,Road Bikes,1.0,Bikes,884.7083,1457.99,48,17.13,4,R ,M ,U ,2011-05-31,2012-05-29,
263,758,BK-R68R-52,"Road-450 Red, 52",2.0,Road Bikes,1.0,Bikes,884.7083,1457.99,52,17.42,4,R ,M ,U ,2011-05-31,2012-05-29,
264,759,BK-R50R-58,"Road-650 Red, 58",2.0,Road Bikes,1.0,Bikes,486.7066,782.99,58,19.79,4,R ,L ,U ,2011-05-31,2013-05-29,
265,760,BK-R50R-60,"Road-650 Red, 60",2.0,Road Bikes,1.0,Bikes,486.7066,782.99,60,19.9,4,R ,L ,U ,2011-05-31,2013-05-29,
266,761,BK-R50R-62,"Road-650 Red, 62",2.0,Road Bikes,1.0,Bikes,486.7066,782.99,62,20.0,4,R ,L ,U ,2011-05-31,2013-05-29,
267,762,BK-R50R-44,"Road-650 Red, 44",2.0,Road Bikes,1.0,Bikes,486.7066,782.99,44,18.77,4,R ,L ,U ,2011-05-31,2013-05-29,
268,763,BK-R50R-48,"Road-650 Red, 48",2.0,Road Bikes,1.0,Bikes,486.7066,782.99,48,19.13,4,R ,L ,U ,2011-05-31,2013-05-29,
269,764,BK-R50R-52,"Road-650 Red, 52",2.0,Road Bikes,1.0,Bikes,486.7066,782.99,52,19.42,4,R ,L ,U ,2011-05-31,2013-05-29,
270,765,BK-R50B-58,"Road-650 Black, 58",2.0,Road Bikes,1.0,Bikes,486.7066,782.99,58,19.79,4,R ,L ,U ,2011-05-31,2013-05-29,
271,766,BK-R50B-60,"Road-650 Black, 60",2.0,Road Bikes,1.0,Bikes,486.7066,782.99,60,19.9,4,R ,L ,U ,2011-05-31,2013-05-29,
272,767,BK-R50B-62,"Road-650 Black, 62",2.0,Road Bikes,1.0,Bikes,486.7066,782.99,62,20.0,4,R ,L ,U ,2011-05-31,2013-05-29,
273,768,BK-R50B-44,"Road-650 Black, 44",2.0,Road Bikes,1.0,Bikes,486.7066,782.99,44,18.77,4,R ,L ,U ,2011-05-31,2013-05-29,
274,769,BK-R50B-48,"Road-650 Black, 48",2.0,Road Bikes,1.0,Bikes,486.7066,782.99,48,19.13,4,R ,L ,U ,2011-05-31,2013-05-29,
275,770,BK-R50B-52,"Road-650 Black, 52",2.0,Road Bikes,1.0,Bikes,486.7066,782.99,52,19.42,4,R ,L ,U ,2011-05-31,2013-05-29,
276,771,BK-M82S-38,"Mountain-100 Silver, 38",1.0,Mountain Bikes,1.0,Bikes,1912.1544,3399.99,38,20.35,4,M ,H ,U ,2011-05-31,2012-05-29,
277,772,BK-M82S-42,"Mountain-100 Silver, 42",1.0,Mountain Bikes,1.0,Bikes,1912.1544,3399.99,42,20.77,4,M ,H ,U ,2011-05-31,2012-05-29,
278,773,BK-M82S-44,"Mountain-100 Silver, 44",1.0,Mountain Bikes,1.0,Bikes,1912.1544,3399.99,44,21.13,4,M ,H ,U ,2011-05-31,2012-05-29,
279,774,BK-M82S-48,"Mountain-100 Silver, 48",1.0,Mountain Bikes,1.0,Bikes,1912.1544,3399.99,48,21.42,4,M ,H ,U ,2011-05-31,2012-05-29,
280,775,BK-M82B-38,"Mountain-100 Black, 38",1.0,Mountain Bikes,1.0,Bikes,1898.0944,3374.99,38,20.35,4,M ,H ,U ,2011-05-31,2012-05-29,
281,776,BK-M82B-42,"Mountain-100 Black, 42",1.0,Mountain Bikes,1.0,Bikes,1898.0944,3374.99,42,20.77,4,M ,H ,U ,2011-05-31,2012-05-29,
282,777,BK-M82B-44,"Mountain-100 Black, 44",1.0,Mountain Bikes,1.0,Bikes,1898.0944,3374.99,44,21.13,4,M ,H ,U ,2011-05-31,2012-05-29,
283,778,BK-M82B-48,"Mountain-100 Black, 48",1.0,Mountain Bikes,1.0,Bikes,1898.0944,3374.99,48,21.42,4,M ,H ,U ,2011-05-31,2012-05-29,
284,779,BK-M68S-38,"Mountain-200 Silver, 38",1.0,Mountain Bikes,1.0,Bikes,1265.6195,2319.99,38,23.35,4,M ,H ,U ,2012-05-30,,
285,780,BK-M68S-42,"Mountain-200 Silver, 42",1.0,Mountain Bikes,1.0,Bikes,1265.6195,2319.99,42,23.77,4,M ,H ,U ,2012-05-30,,
286,781,BK-M68S-46,"Mountain-200 Silver, 46",1.0,Mountain Bikes,1.0,Bikes,1265.6195,2319.99,46,24.13,4,M ,H ,U ,2012-05-30,,
287,782,BK-M68B-38,"Mountain-200 Black, 38",1.0,Mountain Bikes,1.0,Bikes,1251.9813,2294.99,38,23.35,4,M ,H ,U ,2012-05-30,,
288,783,BK-M68B-42,"Mountain-200 Black, 42",1.0,Mountain Bikes,1.0,Bikes,1251.9813,2294.99,42,23.77,4,M ,H ,U ,2012-05-30,,
289,784,BK-M68B-46,"Mountain-200 Black, 46",1.0,Mountain Bikes,1.0,Bikes,1251.9813,2294.99,46,24.13,4,M ,H ,U ,2012-05-30,,
290,785,BK-M47B-38,"Mountain-300 Black, 38",1.0,Mountain Bikes,1.0,Bikes,598.4354,1079.99,38,25.35,4,M ,M ,U ,2012-05-30,2013-05-29,
291,786,BK-M47B-40,"Mountain-300 Black, 40",1.0,Mountain Bikes,1.0,Bikes,598.4354,1079.99,40,25.77,4,M ,M ,U ,2012-05-30,2013-05-29,
292,787,BK-M47B-44,"Mountain-300 Black, 44",1.0,Mountain Bikes,1.0,Bikes,598.4354,1079.99,44,26.13,4,M ,M ,U ,2012-05-30,2013-05-29,
293,788,BK-M47B-48,"Mountain-300 Black, 48",1.0,Mountain Bikes,1.0,Bikes,598.4354,1079.99,48,26.42,4,M ,M ,U ,2012-05-30,2013-05-29,
294,789,BK-R89R-44,"Road-250 Red, 44",2.0,Road Bikes,1.0,Bikes,1518.7864,2443.35,44,14.77,4,R ,H ,U ,2012-05-30,2013-05-29,
295,790,BK-R89R-48,"Road-250 Red, 48",2.0,Road Bikes,1.0,Bikes,1518.7864,2443.35,48,15.13,4,R ,H ,U ,2012-05-30,2013-05-29,
296,791,BK-R89R-52,"Road-250 Red, 52",2.0,Road Bikes,1.0,Bikes,1518.7864,2443.35,52,15.42,4,R ,H ,U ,2012-05-30,2013-05-29,
297,792,BK-R89R-58,"Road-250 Red, 58",2.0,Road Bikes,1.0,Bikes,1554.9479,2443.35,58,15.79,4,R ,H ,U ,2012-05-30,,
298,793,BK-R89B-44,"Road-250 Black, 44",2.0,Road Bikes,1.0,Bikes,1554.9479,2443.35,44,14.77,4,R ,H ,U ,2012-05-30,,
299,794,BK-R89B-48,"Road-250 Black, 48",2.0,Road Bikes,1.0,Bikes,1554.9479,2443.35,48,15.13,4,R ,H ,U ,2012-05-30,,
300,795,BK-R89B-52,"Road-250 Black, 52",2.0,Road Bikes,1.0,Bikes,1554.9479,2443.35,52,15.42,4,R ,H ,U ,2012-05-30,,
301,796,BK-R89B-58,"Road-250 Black, 58",2.0,Road Bikes,1.0,Bikes,1554.9479,2443.35,58,15.68,4,R ,H ,U ,2012-05-30,,
302,797,BK-R64Y-38,"Road-550-W Yellow, 38",2.0,Road Bikes,1.0,Bikes,713.0798,1120.49,38,17.35,4,R ,M ,W ,2012-05-30,,
303,798,BK-R64Y-40,"Road-550-W Yellow, 40",2.0,Road Bikes,1.0,Bikes,713.0798,1120.49,40,17.77,4,R ,M ,W ,2012-05-30,,
304,799,BK-R64Y-42,"Road-550-W Yellow, 42",2.0,Road Bikes,1.0,Bikes,713.0798,1120.49,42,18.13,4,R ,M ,W ,2012-05-30,,
305,800,BK-R64Y-44,"Road-550-W Yellow, 44",2.0,Road Bikes,1.0,Bikes,713.0798,1120.49,44,18.42,4,R ,M ,W ,2012-05-30,,
306,801,BK-R64Y-48,"Road-550-W Yellow, 48",2.0,Road Bikes,1.0,Bikes,713.0798,1120.49,48,18.68,4,R ,M ,W ,2012-05-30,,
307,802,FK-1639,LL Fork,10.0,Forks,2.0,Components,65.8097,148.22,,,1,,L ,,2012-05-30,2013-05-29,
308,803,FK-5136,ML Fork,10.0,Forks,2.0,Components,77.9176,175.49,,,1,,M ,,2012-05-30,2013-05-29,
309,804,FK-9939,HL Fork,10.0,Forks,2.0,Components,101.8936,229.49,,,1,,H ,,2012-05-30,2013-05-29,
310,805,HS-0296,LL Headset,11.0,Headsets,2.0,Components,15.1848,34.2,,,1,,L ,,2012-05-30,2013-05-29,
311,806,HS-2451,ML Headset,11.0,Headsets,2.0,Components,45.4168,102.29,,,1,,M ,,2012-05-30,2013-05-29,
312,807,HS-3479,HL Headset,11.0,Headsets,2.0,Components,55.3801,124.73,,,1,,H ,,2012-05-30,2013-05-29,
313,808,HB-M243,LL Mountain Handlebars,4.0,Handlebars,2.0,Components,19.7758,44.54,,,1,M ,L ,,2012-05-30,,
314,809,HB-M763,ML Mountain Handlebars,4.0,Handlebars,2.0,Components,27.4925,61.92,,,1,M ,M ,,2012-05-30,,
315,810,HB-M918,HL Mountain Handlebars,4.0,Handlebars,2.0,Components,53.3999,120.27,,,1,M ,H ,,2012-05-30,,
316,811,HB-R504,LL Road Handlebars,4.0,Handlebars,2.0,Components,19.7758,44.54,,,1,R ,L ,,2012-05-30,,
317,812,HB-R720,ML Road Handlebars,4.0,Handlebars,2.0,Components,27.4925,61.92,,,1,R ,M ,,2012-05-30,,
318,813,HB-R956,HL Road Handlebars,4.0,Handlebars,2.0,Components,53.3999,120.27,,,1,R ,H ,,2012-05-30,,
319,814,FR-M63B-38,"ML Mountain Frame - Black, 38",12.0,Mountain Frames,2.0,Components,185.8193,348.76,38,2.73,2,M ,M ,U ,2012-05-30,2013-05-29,
320,815,FW-M423,LL Mountain Front Wheel,17.0,Wheels,2.0,Components,26.9708,60.745,,,1,M ,L ,,2012-05-30,2013-05-29,
321,816,FW-M762,ML Mountain Front Wheel,17.0,Wheels,2.0,Components,92.8071,209.025,,,1,M ,M ,,2012-05-30,2013-05-29,
322,817,FW-M928,HL Mountain Front Wheel,17.0,Wheels,2.0,Components,133.2955,300.215,,,1,M ,H ,,2012-05-30,2013-05-29,
323,818,FW-R623,LL Road Front Wheel,17.0,Wheels,2.0,Components,37.9909,85.565,,900.0,1,R ,L ,,2012-05-30,2013-05-29,
324,819,FW-R762,ML Road Front Wheel,17.0,Wheels,2.0,Components,110.2829,248.385,,850.0,1,R ,M ,,2012-05-30,2013-05-29,
325,820,FW-R820,HL Road Front Wheel,17.0,Wheels,2.0,Components,146.5466,330.06,,650.0,1,R ,H ,,2012-05-30,2013-05-29,
326,821,FW-T905,Touring Front Wheel,17.0,Wheels,2.0,Components,96.7964,218.01,,,1,T ,,,2012-05-30,2013-05-29,
327,822,FR-R72Y-38,"ML Road Frame-W - Yellow, 38",14.0,Road Frames,2.0,Components,360.9428,594.83,38,2.18,2,R ,M ,W ,2012-05-30,,
328,823,RW-M423,LL Mountain Rear Wheel,17.0,Wheels,2.0,Components,38.9588,87.745,,,1,M ,L ,,2012-05-30,2013-05-29,
329,824,RW-M762,ML Mountain Rear Wheel,17.0,Wheels,2.0,Components,104.7951,236.025,,,1,M ,M ,,2012-05-30,2013-05-29,
330,825,RW-M928,HL Mountain Rear Wheel,17.0,Wheels,2.0,Components,145.2835,327.215,,,1,M ,H ,,2012-05-30,2013-05-29,
331,826,RW-R623,LL Road Rear Wheel,17.0,Wheels,2.0,Components,49.9789,112.565,,1050.0,1,R ,L ,,2012-05-30,2013-05-29,
332,827,RW-R762,ML Road Rear Wheel,17.0,Wheels,2.0,Components,122.2709,275.385,,1000.0,1,R ,M ,,2012-05-30,2013-05-29,
333,828,RW-R820,HL Road Rear Wheel,17.0,Wheels,2.0,Components,158.5346,357.06,,890.0,1,R ,H ,,2012-05-30,2013-05-29,
334,829,RW-T905,Touring Rear Wheel,17.0,Wheels,2.0,Components,108.7844,245.01,,,1,T ,,,2012-05-30,2013-05-29,
335,830,FR-M63B-40,"ML Mountain Frame - Black, 40",12.0,Mountain Frames,2.0,Components,185.8193,348.76,40,2.77,1,M ,M ,U ,2012-05-30,2013-05-29,
336,831,FR-M63B-44,"ML Mountain Frame - Black, 44",12.0,Mountain Frames,2.0,Components,185.8193,348.76,44,2.81,1,M ,M ,U ,2012-05-30,2013-05-29,
337,832,FR-M63B-48,"ML Mountain Frame - Black, 48",12.0,Mountain Frames,2.0,Components,185.8193,348.76,48,2.85,1,M ,M ,U ,2012-05-30,2013-05-29,
338,833,FR-R72Y-40,"ML Road Frame-W - Yellow, 40",14.0,Road Frames,2.0,Components,360.9428,594.83,40,2.22,1,R ,M ,W ,2012-05-30,,
339,834,FR-R72Y-42,"ML Road Frame-W - Yellow, 42",14.0,Road Frames,2.0,Components,360.9428,594.83,42,2.26,1,R ,M ,W ,2012-05-30,,
340,835,FR-R72Y-44,"ML Road Frame-W - Yellow, 44",14.0,Road Frames,2.0,Components,360.9428,594.83,44,2.3,1,R ,M ,W ,2012-05-30,,
341,836,FR-R72Y-48,"ML Road Frame-W - Yellow, 48",14.0,Road Frames,2.0,Components,360.9428,594.83,48,2.34,1,R ,M ,W ,2012-05-30,,
342,837,FR-R92B-62,"HL Road Frame - Black, 62",14.0,Road Frames,2.0,Components,868.6342,1431.5,62,2.3,1,R ,H ,U ,2012-05-30,,
343,838,FR-R92B-44,"HL Road Frame - Black, 44",14.0,Road Frames,2.0,Components,868.6342,1431.5,44,2.12,1,R ,H ,U ,2012-05-30,,
344,839,FR-R92B-48,"HL Road Frame - Black, 48",14.0,Road Frames,2.0,Components,868.6342,1431.5,48,2.16,1,R ,H ,U ,2012-05-30,,
345,840,FR-R92B-52,"HL Road Frame - Black, 52",14.0,Road Frames,2.0,Components,868.6342,1431.5,52,2.2,1,R ,H ,U ,2012-05-30,,
346,841,SH-M897-S,"Men's Sports Shorts, S",22.0,Shorts,3.0,Clothing,24.7459,59.99,S,,0,S ,,M ,2012-05-30,2013-05-29,
347,842,PA-T100,"Touring-Panniers, Large",35.0,Panniers,4.0,Accessories,51.5625,125.0,,,0,T ,,,2012-05-30,2013-05-29,
348,843,LO-C100,Cable Lock,34.0,Locks,4.0,Accessories,10.3125,25.0,,,0,S ,,,2012-05-30,2013-05-29,
349,844,PU-0452,Minipump,36.0,Pumps,4.0,Accessories,8.2459,19.99,,,0,S ,,,2012-05-30,2013-05-29,
350,845,PU-M044,Mountain Pump,36.0,Pumps,4.0,Accessories,10.3084,24.99,,,0,M ,,,2012-05-30,2013-05-29,
351,846,LT-T990,Taillights - Battery-Powered,33.0,Lights,4.0,Accessories,5.7709,13.99,,,0,R ,,,2012-05-30,2013-05-29,
352,847,LT-H902,Headlights - Dual-Beam,33.0,Lights,4.0,Accessories,14.4334,34.99,,,0,R ,,,2012-05-30,2013-05-29,
353,848,LT-H903,Headlights - Weatherproof,33.0,Lights,4.0,Accessories,18.5584,44.99,,,0,R ,,,2012-05-30,2013-05-29,
354,849,SH-M897-M,"Men's Sports Shorts, M",22.0,Shorts,3.0,Clothing,24.7459,59.99,M,,0,S ,,M ,2012-05-30,2013-05-29,
355,850,SH-M897-L,"Men's Sports Shorts, L",22.0,Shorts,3.0,Clothing,24.7459,59.99,L,,0,S ,,M ,2012-05-30,2013-05-29,
356,851,SH-M897-X,"Men's Sports Shorts, XL",22.0,Shorts,3.0,Clothing,24.7459,59.99,XL,,0,S ,,M ,2012-05-30,2013-05-29,
357,852,TG-W091-S,"Women's Tights, S",24.0,Tights,3.0,Clothing,30.9334,74.99,S,,0,S ,,W ,2012-05-30,2013-05-29,
358,853,TG-W091-M,"Women's Tights, M",24.0,Tights,3.0,Clothing,30.9334,74.99,M,,0,S ,,W ,2012-05-30,2013-05-29,
359,854,TG-W091-L,"Women's Tights, L",24.0,Tights,3.0,Clothing,30.9334,74.99,L,,0,S ,,W ,2012-05-30,2013-05-29,
360,855,SB-M891-S,"Men's Bib-Shorts, S",18.0,Bib-Shorts,3.0,Clothing,37.1209,89.99,S,,0,S ,,M ,2012-05-30,2013-05-29,
361,856,SB-M891-M,"Men's Bib-Shorts, M",18.0,Bib-Shorts,3.0,Clothing,37.1209,89.99,M,,0,S ,,M ,2012-05-30,2013-05-29,
362,857,SB-M891-L,"Men's Bib-Shorts, L",18.0,Bib-Shorts,3.0,Clothing,37.1209,89.99,L,,0,S ,,M ,2012-05-30,2013-05-29,
363,858,GL-H102-S,"Half-Finger Gloves, S",20.0,Gloves,3.0,Clothing,9.1593,24.49,S,,0,S ,,U ,2012-05-30,,
364,859,GL-H102-M,"Half-Finger Gloves, M",20.0,Gloves,3.0,Clothing,9.1593,24.49,M,,0,S ,,U ,2012-05-30,,
365,860,GL-H102-L,"Half-Finger Gloves, L",20.0,Gloves,3.0,Clothing,9.1593,24.49,L,,0,S ,,U ,2012-05-30,,
366,861,GL-F110-S,"Full-Finger Gloves, S",20.0,Gloves,3.0,Clothing,15.6709,37.99,S,,0,M ,,U ,2012-05-30,2013-05-29,
367,862,GL-F110-M,"Full-Finger Gloves, M",20.0,Gloves,3.0,Clothing,15.6709,37.99,M,,0,M ,,U ,2012-05-30,2013-05-29,
368,863,GL-F110-L,"Full-Finger Gloves, L",20.0,Gloves,3.0,Clothing,15.6709,37.99,L,,0,M ,,U ,2012-05-30,2013-05-29,
369,864,VE-C304-S,"Classic Vest, S",25.0,Vests,3.0,Clothing,23.749,63.5,S,,0,S ,,U ,2013-05-30,,
370,865,VE-C304-M,"Classic Vest, M",25.0,Vests,3.0,Clothing,23.749,63.5,M,,0,S ,,U ,2013-05-30,,
371,866,VE-C304-L,"Classic Vest, L",25.0,Vests,3.0,Clothing,23.749,63.5,L,,0,S ,,U ,2013-05-30,,
372,867,SH-W890-S,"Women's Mountain Shorts, S",22.0,Shorts,3.0,Clothing,26.1763,69.99,S,,0,M ,,W ,2013-05-30,,
373,868,SH-W890-M,"Women's Mountain Shorts, M",22.0,Shorts,3.0,Clothing,26.1763,69.99,M,,0,M ,,W ,2013-05-30,,
374,869,SH-W890-L,"Women's Mountain Shorts, L",22.0,Shorts,3.0,Clothing,26.1763,69.99,L,,0,M ,,W ,2013-05-30,,
375,870,WB-H098,Water Bottle - 30 oz.,28.0,Bottles and Cages,4.0,Accessories,1.8663,4.99,,,0,S ,,,2013-05-30,,
376,871,BC-M005,Mountain Bottle Cage,28.0,Bottles and Cages,4.0,Accessories,3.7363,9.99,,,0,M ,,,2013-05-30,,
377,872,BC-R205,Road Bottle Cage,28.0,Bottles and Cages,4.0,Accessories,3.3623,8.99,,,0,R ,,,2013-05-30,,
378,873,PK-7098,Patch Kit/8 Patches,37.0,Tires and Tubes,4.0,Accessories,0.8565,2.29,,,0,S ,,,2013-05-30,,
379,874,SO-R809-M,"Racing Socks, M",23.0,Socks,3.0,Clothing,3.3623,8.99,M,,0,R ,,U ,2013-05-30,,
380,875,SO-R809-L,"Racing Socks, L",23.0,Socks,3.0,Clothing,3.3623,8.99,L,,0,R ,,U ,2013-05-30,,
381,876,RA-H123,Hitch Rack - 4-Bike,26.0,Bike Racks,4.0,Accessories,44.88,120.0,,,0,S ,,,2013-05-30,,
382,877,CL-9009,Bike Wash - Dissolver,29.0,Cleaners,4.0,Accessories,2.9733,7.95,,,0,S ,,,2013-05-30,,
383,878,FE-6654,Fender Set - Mountain,30.0,Fenders,4.0,Accessories,8.2205,21.98,,,0,M ,,,2013-05-30,,
384,879,ST-1401,All-Purpose Bike Stand,27.0,Bike Stands,4.0,Accessories,59.466,159.0,,,0,M ,,,2013-05-30,,
385,880,HY-1023-70,Hydration Pack - 70 oz.,32.0,Hydration Packs,4.0,Accessories,20.5663,54.99,70,,0,S ,,,2013-05-30,,
386,881,SJ-0194-S,"Short-Sleeve Classic Jersey, S",21.0,Jerseys,3.0,Clothing,41.5723,53.99,S,,0,S ,,U ,2013-05-30,,
387,882,SJ-0194-M,"Short-Sleeve Classic Jersey, M",21.0,Jerseys,3.0,Clothing,41.5723,53.99,M,,0,S ,,U ,2013-05-30,,
388,883,SJ-0194-L,"Short-Sleeve Classic Jersey, L",21.0,Jerseys,3.0,Clothing,41.5723,53.99,L,,0,S ,,U ,2013-05-30,,
389,884,SJ-0194-X,"Short-Sleeve Classic Jersey, XL",21.0,Jerseys,3.0,Clothing,41.5723,53.99,XL,,0,S ,,U ,2013-05-30,,
390,885,FR-T98Y-60,"HL Touring Frame - Yellow, 60",16.0,Touring Frames,2.0,Components,601.7437,1003.91,60,3.08,1,T ,H ,U ,2013-05-30,,
391,886,FR-T67Y-62,"LL Touring Frame - Yellow, 62",16.0,Touring Frames,2.0,Components,199.8519,333.42,62,3.2,1,T ,L ,U ,2013-05-30,,
392,887,FR-T98Y-46,"HL Touring Frame - Yellow, 46",16.0,Touring Frames,2.0,Components,601.7437,1003.91,46,2.96,1,T ,H ,U ,2013-05-30,,
393,888,FR-T98Y-50,"HL Touring Frame - Yellow, 50",16.0,Touring Frames,2.0,Components,601.7437,1003.91,50,3.0,1,T ,H ,U ,2013-05-30,,
394,889,FR-T98Y-54,"HL Touring Frame - Yellow, 54",16.0,Touring Frames,2.0,Components,601.7437,1003.91,54,3.04,1,T ,H ,U ,2013-05-30,,
395,890,FR-T98U-46,"HL Touring Frame - Blue, 46",16.0,Touring Frames,2.0,Components,601.7437,1003.91,46,2.96,1,T ,H ,U ,2013-05-30,,
396,891,FR-T98U-50,"HL Touring Frame - Blue, 50",16.0,Touring Frames,2.0,Components,601.7437,1003.91,50,3.0,1,T ,H ,U ,2013-05-30,,
397,892,FR-T98U-54,"HL Touring Frame - Blue, 54",16.0,Touring Frames,2.0,Components,601.7437,1003.91,54,3.04,1,T ,H ,U ,2013-05-30,,
398,893,FR-T98U-60,"HL Touring Frame - Blue, 60",16.0,Touring Frames,2.0,Components,601.7437,1003.91,60,3.08,1,T ,H ,U ,2013-05-30,,
399,894,RD-2308,Rear Derailleur,9.0,Derailleurs,2.0,Components,53.9282,121.46,,215.0,1,,,,2013-05-30,,
400,895,FR-T67U-50,"LL Touring Frame - Blue, 50",16.0,Touring Frames,2.0,Components,199.8519,333.42,50,3.1,1,T ,L ,U ,2013-05-30,,
401,896,FR-T67U-54,"LL Touring Frame - Blue, 54",16.0,Touring Frames,2.0,Components,199.8519,333.42,54,3.14,1,T ,L ,U ,2013-05-30,,
402,897,FR-T67U-58,"LL Touring Frame - Blue, 58",16.0,Touring Frames,2.0,Components,199.8519,333.42,58,3.16,1,T ,L ,U ,2013-05-30,,
403,898,FR-T67U-62,"LL Touring Frame - Blue, 62",16.0,Touring Frames,2.0,Components,199.8519,333.42,62,3.2,1,T ,L ,U ,2013-05-30,,
404,899,FR-T67Y-44,"LL Touring Frame - Yellow, 44",16.0,Touring Frames,2.0,Components,199.8519,333.42,44,3.02,1,T ,L ,U ,2013-05-30,,
405,900,FR-T67Y-50,"LL Touring Frame - Yellow, 50",16.0,Touring Frames,2.0,Components,199.8519,333.42,50,3.1,1,T ,L ,U ,2013-05-30,,
406,901,FR-T67Y-54,"LL Touring Frame - Yellow, 54",16.0,Touring Frames,2.0,Components,199.8519,333.42,54,3.14,1,T ,L ,U ,2013-05-30,,
407,902,FR-T67Y-58,"LL Touring Frame - Yellow, 58",16.0,Touring Frames,2.0,Components,199.8519,333.42,58,3.16,1,T ,L ,U ,2013-05-30,,
408,903,FR-T67U-44,"LL Touring Frame - Blue, 44",16.0,Touring Frames,2.0,Components,199.8519,333.42,44,3.02,1,T ,L ,U ,2013-05-30,,
409,904,FR-M63S-40,"ML Mountain Frame-W - Silver, 40",12.0,Mountain Frames,2.0,Components,199.3757,364.09,40,2.77,1,M ,M ,W ,2013-05-30,,
410,905,FR-M63S-42,"ML Mountain Frame-W - Silver, 42",12.0,Mountain Frames,2.0,Components,199.3757,364.09,42,2.81,1,M ,M ,W ,2013-05-30,,
411,906,FR-M63S-46,"ML Mountain Frame-W - Silver, 46",12.0,Mountain Frames,2.0,Components,199.3757,364.09,46,2.85,1,M ,M ,W ,2013-05-30,,
412,907,RB-9231,Rear Brakes,6.0,Brakes,2.0,Components,47.286,106.5,,317.0,1,,,,2013-05-30,,
413,908,SE-M236,LL Mountain Seat/Saddle,15.0,Saddles,2.0,Components,12.0413,27.12,,,1,M ,L ,,2013-05-30,,
414,909,SE-M798,ML Mountain Seat/Saddle,15.0,Saddles,2.0,Components,17.3782,39.14,,,1,M ,M ,,2013-05-30,,
415,910,SE-M940,HL Mountain Seat/Saddle,15.0,Saddles,2.0,Components,23.3722,52.64,,,1,M ,H ,,2013-05-30,,
416,911,SE-R581,LL Road Seat/Saddle,15.0,Saddles,2.0,Components,12.0413,27.12,,,1,R ,L ,,2013-05-30,,
417,912,SE-R908,ML Road Seat/Saddle,15.0,Saddles,2.0,Components,17.3782,39.14,,,1,T ,M ,,2013-05-30,,
418,913,SE-R995,HL Road Seat/Saddle,15.0,Saddles,2.0,Components,23.3722,52.64,,,1,R ,H ,,2013-05-30,,
419,914,SE-T312,LL Touring Seat/Saddle,15.0,Saddles,2.0,Components,12.0413,27.12,,,1,T ,L ,,2013-05-30,,
420,915,SE-T762,ML Touring Seat/Saddle,15.0,Saddles,2.0,Components,17.3782,39.14,,,1,T ,M ,,2013-05-30,,
421,916,SE-T924,HL Touring Seat/Saddle,15.0,Saddles,2.0,Components,23.3722,52.64,,,1,T ,H ,,2013-05-30,,
422,917,FR-M21S-42,"LL Mountain Frame - Silver, 42",12.0,Mountain Frames,2.0,Components,144.5938,264.05,42,2.92,1,M ,L ,U ,2013-05-30,,
423,918,FR-M21S-44,"LL Mountain Frame - Silver, 44",12.0,Mountain Frames,2.0,Components,144.5938,264.05,44,2.96,1,M ,L ,U ,2013-05-30,,
424,919,FR-M21S-48,"LL Mountain Frame - Silver, 48",12.0,Mountain Frames,2.0,Components,144.5938,264.05,48,3.0,1,M ,L ,U ,2013-05-30,,
425,920,FR-M21S-52,"LL Mountain Frame - Silver, 52",12.0,Mountain Frames,2.0,Components,144.5938,264.05,52,3.04,1,M ,L ,U ,2013-05-30,,
426,921,TT-M928,Mountain Tire Tube,37.0,Tires and Tubes,4.0,Accessories,1.8663,4.99,,,0,M ,,,2013-05-30,,
427,922,TT-R982,Road Tire Tube,37.0,Tires and Tubes,4.0,Accessories,1.4923,3.99,,,0,R ,,,2013-05-30,,
428,923,TT-T092,Touring Tire Tube,37.0,Tires and Tubes,4.0,Accessories,1.8663,4.99,,,0,T ,,,2013-05-30,,
429,924,FR-M21B-42,"LL Mountain Frame - Black, 42",12.0,Mountain Frames,2.0,Components,136.785,249.79,42,2.92,1,M ,L ,U ,2013-05-30,,
430,925,FR-M21B-44,"LL Mountain Frame - Black, 44",12.0,Mountain Frames,2.0,Components,136.785,249.79,44,2.96,1,M ,L ,U ,2013-05-30,,
431,926,FR-M21B-48,"LL Mountain Frame - Black, 48",12.0,Mountain Frames,2.0,Components,136.785,249.79,48,3.0,1,M ,L ,U ,2013-05-30,,
432,927,FR-M21B-52,"LL Mountain Frame - Black, 52",12.0,Mountain Frames,2.0,Components,136.785,249.79,52,3.04,1,M ,L ,U ,2013-05-30,,
433,928,TI-M267,LL Mountain Tire,37.0,Tires and Tubes,4.0,Accessories,9.3463,24.99,,,0,M ,L ,,2013-05-30,,
434,929,TI-M602,ML Mountain Tire,37.0,Tires and Tubes,4.0,Accessories,11.2163,29.99,,,0,M ,M ,,2013-05-30,,
435,930,TI-M823,HL Mountain Tire,37.0,Tires and Tubes,4.0,Accessories,13.09,35.0,,,0,M ,H ,,2013-05-30,,
436,931,TI-R092,LL Road Tire,37.0,Tires and Tubes,4.0,Accessories,8.0373,21.49,,,0,R ,L ,,2013-05-30,,
437,932,TI-R628,ML Road Tire,37.0,Tires and Tubes,4.0,Accessories,9.3463,24.99,,,0,R ,M ,,2013-05-30,,
438,933,TI-R982,HL Road Tire,37.0,Tires and Tubes,4.0,Accessories,12.1924,32.6,,,0,R ,H ,,2013-05-30,,
439,934,TI-T723,Touring Tire,37.0,Tires and Tubes,4.0,Accessories,10.8423,28.99,,,0,T ,,,2013-05-30,,
440,935,PD-M282,LL Mountain Pedal,13.0,Pedals,2.0,Components,17.9776,40.49,,218.0,1,M ,L ,,2013-05-30,,
441,936,PD-M340,ML Mountain Pedal,13.0,Pedals,2.0,Components,27.568,62.09,,215.0,1,M ,M ,,2013-05-30,,
442,937,PD-M562,HL Mountain Pedal,13.0,Pedals,2.0,Components,35.9596,80.99,,185.0,1,M ,H ,,2013-05-30,,
443,938,PD-R347,LL Road Pedal,13.0,Pedals,2.0,Components,17.9776,40.49,,189.0,1,R ,L ,,2013-05-30,,
444,939,PD-R563,ML Road Pedal,13.0,Pedals,2.0,Components,27.568,62.09,,168.0,1,R ,M ,,2013-05-30,,
445,940,PD-R853,HL Road Pedal,13.0,Pedals,2.0,Components,35.9596,80.99,,149.0,1,R ,H ,,2013-05-30,,
446,941,PD-T852,Touring Pedal,13.0,Pedals,2.0,Components,35.9596,80.99,,,1,T ,,,2013-05-30,,
447,942,FR-M63S-38,"ML Mountain Frame-W - Silver, 38",12.0,Mountain Frames,2.0,Components,199.3757,364.09,38,2.73,2,M ,M ,W ,2013-05-30,,
448,943,FR-M21B-40,"LL Mountain Frame - Black, 40",12.0,Mountain Frames,2.0,Components,136.785,249.79,40,2.88,2,M ,L ,U ,2013-05-30,,
449,944,FR-M21S-40,"LL Mountain Frame - Silver, 40",12.0,Mountain Frames,2.0,Components,144.5938,264.05,40,2.88,2,M ,L ,U ,2013-05-30,,
450,945,FD-2342,Front Derailleur,9.0,Derailleurs,2.0,Components,40.6216,91.49,,88.0,1,,,,2013-05-30,,
451,946,HB-T721,LL Touring Handlebars,4.0,Handlebars,2.0,Components,20.464,46.09,,,1,T ,L ,,2013-05-30,,
452,947,HB-T928,HL Touring Handlebars,4.0,Handlebars,2.0,Components,40.6571,91.57,,,1,T ,H ,,2013-05-30,,
453,948,FB-9873,Front Brakes,6.0,Brakes,2.0,Components,47.286,106.5,,317.0,1,,,,2013-05-30,,
454,949,CS-4759,LL Crankset,8.0,Cranksets,2.0,Components,77.9176,175.49,,600.0,1,,L ,,2013-05-30,,
455,950,CS-6583,ML Crankset,8.0,Cranksets,2.0,Components,113.8816,256.49,,635.0,1,,M ,,2013-05-30,,
456,951,CS-9183,HL Crankset,8.0,Cranksets,2.0,Components,179.8156,404.99,,575.0,1,,H ,,2013-05-30,,
457,952,CH-0234,Chain,7.0,Chains,2.0,Components,8.9866,20.24,,,1,,,,2013-05-30,,
458,953,BK-T44U-60,"Touring-2000 Blue, 60",3.0,Touring Bikes,1.0,Bikes,755.1508,1214.85,60,27.9,4,T ,M ,U ,2013-05-30,,
459,954,BK-T79Y-46,"Touring-1000 Yellow, 46",3.0,Touring Bikes,1.0,Bikes,1481.9379,2384.07,46,25.13,4,T ,H ,U ,2013-05-30,,
460,955,BK-T79Y-50,"Touring-1000 Yellow, 50",3.0,Touring Bikes,1.0,Bikes,1481.9379,2384.07,50,25.42,4,T ,H ,U ,2013-05-30,,
461,956,BK-T79Y-54,"Touring-1000 Yellow, 54",3.0,Touring Bikes,1.0,Bikes,1481.9379,2384.07,54,25.68,4,T ,H ,U ,2013-05-30,,
462,957,BK-T79Y-60,"Touring-1000 Yellow, 60",3.0,Touring Bikes,1.0,Bikes,1481.9379,2384.07,60,25.9,4,T ,H ,U ,2013-05-30,,
463,958,BK-T18U-54,"Touring-3000 Blue, 54",3.0,Touring Bikes,1.0,Bikes,461.4448,742.35,54,29.68,4,T ,L ,U ,2013-05-30,,
464,959,BK-T18U-58,"Touring-3000 Blue, 58",3.0,Touring Bikes,1.0,Bikes,461.4448,742.35,58,29.9,4,T ,L ,U ,2013-05-30,,
465,960,BK-T18U-62,"Touring-3000 Blue, 62",3.0,Touring Bikes,1.0,Bikes,461.4448,742.35,62,30.0,4,T ,L ,U ,2013-05-30,,
466,961,BK-T18Y-44,"Touring-3000 Yellow, 44",3.0,Touring Bikes,1.0,Bikes,461.4448,742.35,44,28.77,4,T ,L ,U ,2013-05-30,,
467,962,BK-T18Y-50,"Touring-3000 Yellow, 50",3.0,Touring Bikes,1.0,Bikes,461.4448,742.35,50,29.13,4,T ,L ,U ,2013-05-30,,
468,963,BK-T18Y-54,"Touring-3000 Yellow, 54",3.0,Touring Bikes,1.0,Bikes,461.4448,742.35,54,29.42,4,T ,L ,U ,2013-05-30,,
469,964,BK-T18Y-58,"Touring-3000 Yellow, 58",3.0,Touring Bikes,1.0,Bikes,461.4448,742.35,58,29.79,4,T ,L ,U ,2013-05-30,,
470,965,BK-T18Y-62,"Touring-3000 Yellow, 62",3.0,Touring Bikes,1.0,Bikes,461.4448,742.35,62,30.0,4,T ,L ,U ,2013-05-30,,
471,966,BK-T79U-46,"Touring-1000 Blue, 46",3.0,Touring Bikes,1.0,Bikes,1481.9379,2384.07,46,25.13,4,T ,H ,U ,2013-05-30,,
472,967,BK-T79U-50,"Touring-1000 Blue, 50",3.0,Touring Bikes,1.0,Bikes,1481.9379,2384.07,50,25.42,4,T ,H ,U ,2013-05-30,,
473,968,BK-T79U-54,"Touring-1000 Blue, 54",3.0,Touring Bikes,1.0,Bikes,1481.9379,2384.07,54,25.68,4,T ,H ,U ,2013-05-30,,
474,969,BK-T79U-60,"Touring-1000 Blue, 60",3.0,Touring Bikes,1.0,Bikes,1481.9379,2384.07,60,25.9,4,T ,H ,U ,2013-05-30,,
475,970,BK-T44U-46,"Touring-2000 Blue, 46",3.0,Touring Bikes,1.0,Bikes,755.1508,1214.85,46,27.13,4,T ,M ,U ,2013-05-30,,
476,971,BK-T44U-50,"Touring-2000 Blue, 50",3.0,Touring Bikes,1.0,Bikes,755.1508,1214.85,50,27.42,4,T ,M ,U ,2013-05-30,,
477,972,BK-T44U-54,"Touring-2000 Blue, 54",3.0,Touring Bikes,1.0,Bikes,755.1508,1214.85,54,27.68,4,T ,M ,U ,2013-05-30,,
478,973,BK-R79Y-40,"Road-350-W Yellow, 40",2.0,Road Bikes,1.0,Bikes,1082.51,1700.99,40,15.35,4,R ,M ,W ,2013-05-30,,
479,974,BK-R79Y-42,"Road-350-W Yellow, 42",2.0,Road Bikes,1.0,Bikes,1082.51,1700.99,42,15.77,4,R ,M ,W ,2013-05-30,,
480,975,BK-R79Y-44,"Road-350-W Yellow, 44",2.0,Road Bikes,1.0,Bikes,1082.51,1700.99,44,16.13,4,R ,M ,W ,2013-05-30,,
481,976,BK-R79Y-48,"Road-350-W Yellow, 48",2.0,Road Bikes,1.0,Bikes,1082.51,1700.99,48,16.42,4,R ,M ,W ,2013-05-30,,
482,977,BK-R19B-58,"Road-750 Black, 58",2.0,Road Bikes,1.0,Bikes,343.6496,539.99,58,20.79,4,R ,L ,U ,2013-05-30,,
483,978,BK-T18U-44,"Touring-3000 Blue, 44",3.0,Touring Bikes,1.0,Bikes,461.4448,742.35,44,28.77,4,T ,L ,U ,2013-05-30,,
484,979,BK-T18U-50,"Touring-3000 Blue, 50",3.0,Touring Bikes,1.0,Bikes,461.4448,742.35,50,29.13,4,T ,L ,U ,2013-05-30,,
485,980,BK-M38S-38,"Mountain-400-W Silver, 38",1.0,Mountain Bikes,1.0,Bikes,419.7784,769.49,38,26.35,4,M ,M ,W ,2013-05-30,,
486,981,BK-M38S-40,"Mountain-400-W Silver, 40",1.0,Mountain Bikes,1.0,Bikes,419.7784,769.49,40,26.77,4,M ,M ,W ,2013-05-30,,
487,982,BK-M38S-42,"Mountain-400-W Silver, 42",1.0,Mountain Bikes,1.0,Bikes,419.7784,769.49,42,27.13,4,M ,M ,W ,2013-05-30,,
488,983,BK-M38S-46,"Mountain-400-W Silver, 46",1.0,Mountain Bikes,1.0,Bikes,419.7784,769.49,46,27.42,4,M ,M ,W ,2013-05-30,,
489,984,BK-M18S-40,"Mountain-500 Silver, 40",1.0,Mountain Bikes,1.0,Bikes,308.2179,564.99,40,27.35,4,M ,L ,U ,2013-05-30,,
490,985,BK-M18S-42,"Mountain-500 Silver, 42",1.0,Mountain Bikes,1.0,Bikes,308.2179,564.99,42,27.77,4,M ,L ,U ,2013-05-30,,
491,986,BK-M18S-44,"Mountain-500 Silver, 44",1.0,Mountain Bikes,1.0,Bikes,308.2179,564.99,44,28.13,4,M ,L ,U ,2013-05-30,,
492,987,BK-M18S-48,"Mountain-500 Silver, 48",1.0,Mountain Bikes,1.0,Bikes,308.2179,564.99,48,28.42,4,M ,L ,U ,2013-05-30,,
493,988,BK-M18S-52,"Mountain-500 Silver, 52",1.0,Mountain Bikes,1.0,Bikes,308.2179,564.99,52,28.68,4,M ,L ,U ,2013-05-30,,
494,989,BK-M18B-40,"Mountain-500 Black, 40",1.0,Mountain Bikes,1.0,Bikes,294.5797,539.99,40,27.35,4,M ,L ,U ,2013-05-30,,
495,990,BK-M18B-42,"Mountain-500 Black, 42",1.0,Mountain Bikes,1.0,Bikes,294.5797,539.99,42,27.77,4,M ,L ,U ,2013-05-30,,
496,991,BK-M18B-44,"Mountain-500 Black, 44",1.0,Mountain Bikes,1.0,Bikes,294.5797,539.99,44,28.13,4,M ,L ,U ,2013-05-30,,
497,992,BK-M18B-48,"Mountain-500 Black, 48",1.0,Mountain Bikes,1.0,Bikes,294.5797,539.99,48,28.42,4,M ,L ,U ,2013-05-30,,
498,993,BK-M18B-52,"Mountain-500 Black, 52",1.0,Mountain Bikes,1.0,Bikes,294.5797,539.99,52,28.68,4,M ,L ,U ,2013-05-30,,
499,994,BB-7421,LL Bottom Bracket,5.0,Bottom Brackets,2.0,Components,23.9716,53.99,,223.0,1,,L ,,2013-05-30,,
500,995,BB-8107,ML Bottom Bracket,5.0,Bottom Brackets,2.0,Components,44.9506,101.24,,168.0,1,,M ,,2013-05-30,,
501,996,BB-9108,HL Bottom Bracket,5.0,Bottom Brackets,2.0,Components,53.9416,121.49,,170.0,1,,H ,,2013-05-30,,
502,997,BK-R19B-44,"Road-750 Black, 44",2.0,Road Bikes,1.0,Bikes,343.6496,539.99,44,19.77,4,R ,L ,U ,2013-05-30,,
503,998,BK-R19B-48,"Road-750 Black, 48",2.0,Road Bikes,1.0,Bikes,343.6496,539.99,48,20.13,4,R ,L ,U ,2013-05-30,,
504,999,BK-R19B-52,"Road-750 Black, 52",2.0,Road Bikes,1.0,Bikes,343.6496,539.99,52,20.42,4,R ,L ,U ,2013-05-30,,
